User_Id,Deposit_Amount,Withdrawal_Amount,Deposit_Count,Withdrawal_Count,Games_Played,Loyalty_Points,Rank
387,250.0,0.0,1.0,0.0,50,12.501,1.0
98,300.0,0.0,1.0,0.0,50,13.001,2.0
188,300.0,0.0,1.0,0.0,50,13.001,3.0
172,400.0,0.0,4.0,0.0,50,14.004,4.0
92,500.0,0.0,1.0,0.0,50,15.001000000000001,5.0
552,500.0,0.0,1.0,0.0,50,15.001000000000001,6.0
617,500.0,0.0,1.0,0.0,50,15.001000000000001,7.0
847,800.0,0.0,3.0,0.0,50,18.003,8.0
842,900.0,0.0,7.0,0.0,50,19.006999999999998,9.0
65,1000.0,0.0,1.0,0.0,50,20.000999999999998,10.0
109,1000.0,0.0,1.0,0.0,50,20.000999999999998,11.0
119,1000.0,0.0,1.0,0.0,50,20.000999999999998,12.0
135,1000.0,0.0,1.0,0.0,50,20.000999999999998,13.0
151,1000.0,0.0,1.0,0.0,50,20.000999999999998,14.0
225,1000.0,0.0,1.0,0.0,50,20.000999999999998,15.0
291,1000.0,0.0,1.0,0.0,50,20.000999999999998,16.0
323,1000.0,0.0,1.0,0.0,50,20.000999999999998,17.0
345,1000.0,0.0,1.0,0.0,50,20.000999999999998,18.0
410,1000.0,0.0,1.0,0.0,50,20.000999999999998,19.0
481,1000.0,0.0,1.0,0.0,50,20.000999999999998,20.0
512,1000.0,0.0,1.0,0.0,50,20.000999999999998,21.0
702,1000.0,0.0,1.0,0.0,50,20.000999999999998,22.0
712,1000.0,0.0,1.0,0.0,50,20.000999999999998,23.0
741,1000.0,0.0,1.0,0.0,50,20.000999999999998,24.0
770,1000.0,0.0,1.0,0.0,50,20.000999999999998,25.0
835,1000.0,0.0,1.0,0.0,50,20.000999999999998,26.0
859,1000.0,0.0,1.0,0.0,50,20.000999999999998,27.0
868,1000.0,0.0,1.0,0.0,50,20.000999999999998,28.0
905,1000.0,0.0,1.0,0.0,50,20.000999999999998,29.0
918,1000.0,0.0,1.0,0.0,50,20.000999999999998,30.0
669,1000.0,0.0,2.0,0.0,50,20.002000000000002,31.0
210,1100.0,0.0,3.0,0.0,50,21.003,32.0
970,1100.0,0.0,3.0,0.0,50,21.003,33.0
236,1100.0,0.0,4.0,0.0,50,21.003999999999998,34.0
956,1200.0,0.0,1.0,0.0,50,22.000999999999998,35.0
252,1225.0,0.0,10.0,0.0,50,22.259999999999998,36.0
780,1300.0,0.0,3.0,0.0,50,23.003,37.0
994,1400.0,0.0,1.0,0.0,50,24.000999999999998,38.0
211,1500.0,0.0,1.0,0.0,50,25.000999999999998,39.0
293,1500.0,0.0,2.0,0.0,50,25.002000000000002,40.0
349,1500.0,0.0,2.0,0.0,50,25.002000000000002,41.0
359,1500.0,0.0,5.0,0.0,50,25.005000000000003,42.0
511,1523.0,0.0,1.0,0.0,50,25.231,43.0
192,1600.0,0.0,1.0,0.0,50,26.001,44.0
4,1750.0,0.0,1.0,0.0,50,27.501,45.0
68,1821.0,0.0,1.0,0.0,50,28.211000000000002,46.0
324,0.0,3800.0,0.0,1.0,50,29.0,47.0
221,1927.0,0.0,2.0,0.0,50,29.272,48.0
244,0.0,4000.0,0.0,1.0,50,30.0,49.0
61,2000.0,0.0,1.0,0.0,50,30.001,50.0
191,2000.0,0.0,1.0,0.0,50,30.001,51.0
216,2000.0,0.0,1.0,0.0,50,30.001,52.0
228,2000.0,0.0,1.0,0.0,50,30.001,53.0
358,2000.0,0.0,1.0,0.0,50,30.001,54.0
362,2000.0,0.0,1.0,0.0,50,30.001,55.0
543,2000.0,0.0,1.0,0.0,50,30.001,56.0
556,2000.0,0.0,1.0,0.0,50,30.001,57.0
593,2000.0,0.0,1.0,0.0,50,30.001,58.0
629,2000.0,0.0,1.0,0.0,50,30.001,59.0
799,2000.0,0.0,1.0,0.0,50,30.001,60.0
808,2000.0,0.0,1.0,0.0,50,30.001,61.0
839,2000.0,0.0,1.0,0.0,50,30.001,62.0
879,2000.0,0.0,1.0,0.0,50,30.001,63.0
910,2000.0,0.0,1.0,0.0,50,30.001,64.0
917,2000.0,0.0,1.0,0.0,50,30.001,65.0
919,2000.0,0.0,1.0,0.0,50,30.001,66.0
969,2000.0,0.0,1.0,0.0,50,30.001,67.0
105,2000.0,0.0,2.0,0.0,50,30.002,68.0
129,2000.0,0.0,2.0,0.0,50,30.002,69.0
260,2000.0,0.0,2.0,0.0,50,30.002,70.0
942,2000.0,0.0,2.0,0.0,50,30.002,71.0
903,2000.0,0.0,3.0,0.0,50,30.003,72.0
319,2023.0,0.0,2.0,0.0,50,30.232,73.0
611,0.0,4400.0,0.0,1.0,50,32.0,74.0
281,2200.0,0.0,1.0,0.0,50,32.001000000000005,75.0
406,2200.0,0.0,4.0,0.0,50,32.004000000000005,76.0
209,2300.0,0.0,12.0,0.0,50,33.012,77.0
787,2500.0,0.0,1.0,0.0,50,35.001000000000005,78.0
692,2500.0,0.0,5.0,0.0,50,35.004999999999995,79.0
720,1950.0,1300.0,20.0,3.0,50,36.016999999999996,80.0
413,2000.0,1500.0,2.0,1.0,50,37.501000000000005,81.0
544,2750.0,0.0,23.0,0.0,50,37.522999999999996,82.0
328,2800.0,0.0,1.0,0.0,50,38.001000000000005,83.0
41,3000.0,0.0,1.0,0.0,50,40.001000000000005,84.0
249,3000.0,0.0,1.0,0.0,50,40.001000000000005,85.0
49,3000.0,0.0,2.0,0.0,50,40.001999999999995,86.0
444,3000.0,0.0,2.0,0.0,50,40.001999999999995,87.0
626,3000.0,0.0,2.0,0.0,50,40.001999999999995,88.0
755,3000.0,0.0,3.0,0.0,50,40.003,89.0
457,2000.0,2153.0,1.0,1.0,50,40.765,90.0
66,3100.0,0.0,2.0,0.0,50,41.001999999999995,91.0
7,0.0,6617.0,0.0,1.0,50,43.085,92.0
226,2000.0,2671.0,1.0,3.0,50,43.355000000000004,93.0
899,3450.0,0.0,6.0,0.0,50,44.506,94.0
594,2000.0,2950.0,1.0,1.0,50,44.75,95.0
241,2000.0,3000.0,1.0,1.0,50,45.0,96.0
715,2000.0,3000.0,1.0,1.0,50,45.0,97.0
463,3000.0,1000.0,3.0,1.0,50,45.002,98.0
128,3500.0,0.0,4.0,0.0,50,45.004,99.0
698,3500.0,0.0,4.0,0.0,50,45.004,100.0
572,2415.0,2700.0,8.0,1.0,50,47.657000000000004,101.0
729,3850.0,0.0,6.0,0.0,50,48.506,102.0
116,3900.0,0.0,1.0,0.0,50,49.001,103.0
506,1000.0,6000.0,1.0,1.0,50,50.0,104.0
67,4000.0,0.0,2.0,0.0,50,50.002,105.0
177,4000.0,0.0,2.0,0.0,50,50.002,106.0
957,4000.0,0.0,2.0,0.0,50,50.002,107.0
983,4000.0,0.0,2.0,0.0,50,50.002,108.0
462,4000.0,0.0,3.0,0.0,50,50.003,109.0
134,4000.0,0.0,4.0,0.0,50,50.004,110.0
661,4000.0,0.0,4.0,0.0,50,50.004,111.0
791,4000.0,0.0,4.0,0.0,50,50.004,112.0
432,4000.0,0.0,6.0,0.0,50,50.006,113.0
499,3800.0,500.0,5.0,1.0,50,50.504,114.0
321,3600.0,1000.0,3.0,1.0,50,51.002,115.0
478,2700.0,2892.0,5.0,2.0,50,51.463,116.0
396,2219.0,3955.0,5.0,1.0,50,51.969,117.0
333,2000.0,4450.0,4.0,1.0,50,52.253,118.0
578,4365.0,0.0,13.0,0.0,50,53.663,119.0
34,4500.0,0.0,3.0,0.0,50,55.003,120.0
176,4500.0,0.0,5.0,0.0,50,55.005,121.0
465,4500.0,0.0,5.0,0.0,50,55.005,122.0
812,3500.0,2000.0,6.0,1.0,50,55.005,123.0
912,250.0,8976.0,5.0,11.0,50,57.38,124.0
938,2000.0,5500.0,1.0,1.0,50,57.5,125.0
638,4800.0,0.0,12.0,0.0,50,58.012,126.0
1,5000.0,0.0,1.0,0.0,50,60.001,127.0
13,5000.0,0.0,1.0,0.0,50,60.001,128.0
15,5000.0,0.0,1.0,0.0,50,60.001,129.0
156,5000.0,0.0,1.0,0.0,50,60.001,130.0
224,5000.0,0.0,1.0,0.0,50,60.001,131.0
350,5000.0,0.0,1.0,0.0,50,60.001,132.0
385,5000.0,0.0,1.0,0.0,50,60.001,133.0
398,5000.0,0.0,1.0,0.0,50,60.001,134.0
494,5000.0,0.0,1.0,0.0,50,60.001,135.0
528,5000.0,0.0,1.0,0.0,50,60.001,136.0
551,5000.0,0.0,1.0,0.0,50,60.001,137.0
609,5000.0,0.0,1.0,0.0,50,60.001,138.0
674,5000.0,0.0,1.0,0.0,50,60.001,139.0
814,5000.0,0.0,1.0,0.0,50,60.001,140.0
838,5000.0,0.0,1.0,0.0,50,60.001,141.0
846,5000.0,0.0,1.0,0.0,50,60.001,142.0
882,5000.0,0.0,1.0,0.0,50,60.001,143.0
906,5000.0,0.0,1.0,0.0,50,60.001,144.0
954,5000.0,0.0,1.0,0.0,50,60.001,145.0
960,5000.0,0.0,1.0,0.0,50,60.001,146.0
981,5000.0,0.0,1.0,0.0,50,60.001,147.0
170,5000.0,0.0,2.0,0.0,50,60.002,148.0
392,5000.0,0.0,2.0,0.0,50,60.002,149.0
136,5000.0,0.0,3.0,0.0,50,60.003,150.0
781,5000.0,0.0,3.0,0.0,50,60.003,151.0
820,5000.0,0.0,3.0,0.0,50,60.003,152.0
255,2500.0,5000.0,5.0,1.0,50,60.004,153.0
22,5000.0,0.0,5.0,0.0,50,60.005,154.0
277,5000.0,0.0,5.0,0.0,50,60.005,155.0
621,5000.0,0.0,5.0,0.0,50,60.005,156.0
232,5000.0,0.0,10.0,0.0,50,60.01,157.0
701,5100.0,0.0,2.0,0.0,50,61.002,158.0
152,5000.0,1000.0,1.0,1.0,50,65.0,159.0
895,4000.0,3000.0,2.0,1.0,50,65.001,160.0
118,5500.0,0.0,2.0,0.0,50,65.00200000000001,161.0
778,5500.0,0.0,2.0,0.0,50,65.00200000000001,162.0
364,5500.0,0.0,4.0,0.0,50,65.00399999999999,163.0
686,5500.0,0.0,5.0,0.0,50,65.005,164.0
680,5600.0,0.0,7.0,0.0,50,66.007,165.0
26,5900.0,0.0,9.0,0.0,50,69.009,166.0
174,3570.0,4797.0,5.0,1.0,50,69.689,167.0
110,6000.0,0.0,1.0,0.0,50,70.001,168.0
331,6000.0,0.0,2.0,0.0,50,70.00200000000001,169.0
596,6000.0,0.0,2.0,0.0,50,70.00200000000001,170.0
610,6000.0,0.0,2.0,0.0,50,70.00200000000001,171.0
29,6000.0,0.0,3.0,0.0,50,70.003,172.0
278,6000.0,0.0,6.0,0.0,50,70.006,173.0
254,4600.0,3000.0,3.0,1.0,50,71.00200000000001,174.0
482,6500.0,0.0,4.0,0.0,50,75.004,175.0
726,3500.0,6000.0,10.0,1.0,50,75.009,176.0
736,1000.0,11260.0,1.0,2.0,50,76.30000000000001,177.0
660,4610.0,4200.0,9.0,4.0,50,77.10499999999999,178.0
453,4010.0,5448.0,3.0,1.0,50,77.342,179.0
284,6850.0,0.0,10.0,0.0,50,78.51,180.0
435,0.0,13800.0,0.0,10.0,50,79.0,181.0
767,1000.0,12000.0,1.0,1.0,50,80.0,182.0
696,7000.0,0.0,3.0,0.0,50,80.003,183.0
623,7000.0,0.0,7.0,0.0,50,80.007,184.0
630,7000.0,0.0,7.0,0.0,50,80.007,185.0
870,7005.0,0.0,7.0,0.0,50,80.057,186.0
316,5937.0,2700.0,13.0,1.0,50,82.882,187.0
998,7400.0,0.0,5.0,0.0,50,84.005,188.0
230,5740.0,3400.0,15.0,3.0,50,84.412,189.0
704,7474.0,0.0,1.0,0.0,50,84.741,190.0
282,7500.0,0.0,3.0,0.0,50,85.003,191.0
575,7500.0,0.0,3.0,0.0,50,85.003,192.0
603,7500.0,0.0,5.0,0.0,50,85.005,193.0
267,0.0,15021.0,0.0,2.0,50,85.105,194.0
500,6120.0,3000.0,27.0,1.0,50,86.226,195.0
948,7750.0,0.0,9.0,0.0,50,87.509,196.0
459,5000.0,5574.0,1.0,1.0,50,87.87,197.0
423,7850.0,0.0,8.0,0.0,50,88.508,198.0
615,5000.0,5754.0,6.0,6.0,50,88.77,199.0
716,4433.0,7000.0,12.0,2.0,50,89.34,200.0
311,8000.0,0.0,1.0,0.0,50,90.001,201.0
584,8000.0,0.0,1.0,0.0,50,90.001,202.0
769,8000.0,0.0,1.0,0.0,50,90.001,203.0
87,8000.0,0.0,4.0,0.0,50,90.004,204.0
95,8000.0,0.0,4.0,0.0,50,90.004,205.0
346,8000.0,0.0,4.0,0.0,50,90.004,206.0
656,8000.0,0.0,8.0,0.0,50,90.008,207.0
728,5735.0,4600.0,5.0,3.0,50,90.35199999999999,208.0
94,3038.0,10000.0,8.0,1.0,50,90.387,209.0
83,8051.0,0.0,7.0,0.0,50,90.51700000000001,210.0
480,4000.0,8217.0,2.0,2.0,50,91.08500000000001,211.0
926,8219.0,0.0,28.0,0.0,50,92.218,212.0
503,8288.0,0.0,7.0,0.0,50,92.887,213.0
743,8500.0,0.0,3.0,0.0,50,95.003,214.0
248,8500.0,0.0,13.0,0.0,50,95.013,215.0
568,8550.0,0.0,6.0,0.0,50,95.506,216.0
925,8600.0,0.0,10.0,0.0,50,96.01,217.0
472,8500.0,700.0,5.0,2.0,50,98.503,218.0
640,8850.0,0.0,5.0,0.0,50,98.505,219.0
470,7100.0,3541.0,2.0,1.0,50,98.706,220.0
239,8900.0,0.0,8.0,0.0,50,99.008,221.0
703,9000.0,0.0,3.0,0.0,50,100.003,222.0
999,9000.0,0.0,3.0,0.0,50,100.003,223.0
874,9000.0,0.0,4.0,0.0,50,100.004,224.0
486,9000.0,0.0,6.0,0.0,50,100.006,225.0
561,9100.0,0.0,12.0,0.0,50,101.012,226.0
6,9300.0,0.0,7.0,0.0,50,103.007,227.0
180,2000.0,15000.0,1.0,3.0,50,105.0,228.0
155,6900.0,5500.0,7.0,1.0,50,106.506,229.0
375,5000.0,10000.0,1.0,1.0,50,110.0,230.0
725,0.0,20000.0,0.0,1.0,50,110.0,231.0
88,10000.0,0.0,1.0,0.0,50,110.001,232.0
121,10000.0,0.0,1.0,0.0,50,110.001,233.0
332,10000.0,0.0,1.0,0.0,50,110.001,234.0
928,10000.0,0.0,1.0,0.0,50,110.001,235.0
360,10000.0,0.0,2.0,0.0,50,110.002,236.0
425,10000.0,0.0,2.0,0.0,50,110.002,237.0
469,10000.0,0.0,2.0,0.0,50,110.002,238.0
522,10000.0,0.0,2.0,0.0,50,110.002,239.0
642,10000.0,0.0,2.0,0.0,50,110.002,240.0
756,10000.0,0.0,2.0,0.0,50,110.002,241.0
96,10000.0,0.0,5.0,0.0,50,110.005,242.0
975,10000.0,0.0,5.0,0.0,50,110.005,243.0
872,10000.0,0.0,8.0,0.0,50,110.008,244.0
752,5000.0,10002.0,1.0,2.0,50,110.00999999999999,245.0
207,7550.0,5053.0,4.0,1.0,50,110.768,246.0
622,10200.0,0.0,20.0,0.0,50,112.02,247.0
498,10220.0,0.0,15.0,0.0,50,112.215,248.0
832,5900.0,8889.0,3.0,2.0,50,113.446,249.0
75,4000.0,13000.0,2.0,3.0,50,115.0,250.0
616,7000.0,7000.0,1.0,1.0,50,115.0,251.0
816,1000.0,19000.0,1.0,1.0,50,115.0,252.0
491,10500.0,0.0,4.0,0.0,50,115.004,253.0
773,2831.0,15344.0,7.0,3.0,50,115.034,254.0
56,10550.0,0.0,5.0,0.0,50,115.505,255.0
62,1624.0,18000.0,2.0,1.0,50,116.24100000000001,256.0
813,10698.0,0.0,11.0,0.0,50,116.991,257.0
914,10700.0,0.0,5.0,0.0,50,117.005,258.0
290,11000.0,0.0,1.0,0.0,50,120.001,259.0
416,11000.0,0.0,6.0,0.0,50,120.006,260.0
125,8950.0,4350.0,13.0,8.0,50,121.255,261.0
817,3228.0,15900.0,11.0,4.0,50,121.787,262.0
123,11333.0,0.0,3.0,0.0,50,123.333,263.0
18,4950.0,13000.0,5.0,6.0,50,124.5,264.0
434,11500.0,0.0,4.0,0.0,50,125.004,265.0
382,11550.0,0.0,5.0,0.0,50,125.505,266.0
301,7250.0,8900.0,4.0,1.0,50,127.003,267.0
276,5400.0,12925.0,3.0,1.0,50,128.627,268.0
169,12000.0,0.0,2.0,0.0,50,130.002,269.0
186,7000.0,10000.0,4.0,2.0,50,130.002,270.0
120,12000.0,0.0,3.0,0.0,50,130.003,271.0
881,12000.0,0.0,3.0,0.0,50,130.003,272.0
314,9500.0,5000.0,11.0,1.0,50,130.01,273.0
127,2100.0,20000.0,1.0,1.0,50,131.0,274.0
405,4000.0,16229.0,1.0,1.0,50,131.14499999999998,275.0
592,10500.0,3808.0,15.0,2.0,50,134.053,276.0
163,12500.0,0.0,7.0,0.0,50,135.007,277.0
818,12500.0,0.0,7.0,0.0,50,135.007,278.0
684,12200.0,1000.0,28.0,1.0,50,137.027,279.0
393,9300.0,7000.0,38.0,2.0,50,138.036,280.0
261,8800.0,8100.0,2.0,5.0,50,138.5,281.0
475,13000.0,0.0,3.0,0.0,50,140.003,282.0
166,13000.0,0.0,7.0,0.0,50,140.007,283.0
935,13000.0,0.0,9.0,0.0,50,140.009,284.0
443,13000.0,0.0,13.0,0.0,50,140.013,285.0
576,13000.0,0.0,13.0,0.0,50,140.013,286.0
14,13000.0,0.0,28.0,0.0,50,140.028,287.0
148,5600.0,15000.0,10.0,1.0,50,141.009,288.0
815,5000.0,17200.0,1.0,1.0,50,146.0,289.0
327,12425.0,3000.0,28.0,2.0,50,149.276,290.0
789,14000.0,0.0,7.0,0.0,50,150.007,291.0
943,10500.0,7432.0,3.0,1.0,50,152.162,292.0
37,10000.0,8563.0,1.0,3.0,50,152.815,293.0
219,14500.0,0.0,8.0,0.0,50,155.008,294.0
807,11500.0,6500.0,15.0,2.0,50,157.513,295.0
527,15000.0,0.0,1.0,0.0,50,160.001,296.0
761,15000.0,0.0,1.0,0.0,50,160.001,297.0
865,15000.0,0.0,2.0,0.0,50,160.002,298.0
217,15000.0,0.0,3.0,0.0,50,160.003,299.0
711,15000.0,0.0,3.0,0.0,50,160.003,300.0
79,15000.0,0.0,10.0,0.0,50,160.01,301.0
124,15000.0,0.0,15.0,0.0,50,160.015,302.0
69,15050.0,0.0,3.0,0.0,50,160.503,303.0
36,10000.0,11000.0,1.0,1.0,50,165.0,304.0
765,0.0,31000.0,0.0,3.0,50,165.0,305.0
17,15500.0,0.0,12.0,0.0,50,165.012,306.0
395,15800.0,0.0,5.0,0.0,50,168.005,307.0
766,8248.0,15200.0,14.0,5.0,50,168.489,308.0
563,15900.0,0.0,31.0,0.0,50,169.031,309.0
91,15950.0,0.0,4.0,0.0,50,169.504,310.0
823,16000.0,0.0,8.0,0.0,50,170.008,311.0
718,16000.0,0.0,10.0,0.0,50,170.01,312.0
76,14198.0,4159.0,10.0,2.0,50,172.783,313.0
558,9200.0,14252.0,12.0,8.0,50,173.26399999999998,314.0
655,14850.0,3100.0,7.0,1.0,50,174.006,315.0
968,12250.0,8500.0,12.0,3.0,50,175.009,316.0
302,11500.0,10065.0,12.0,4.0,50,175.333,317.0
737,16650.0,0.0,15.0,0.0,50,176.515,318.0
231,16662.0,0.0,6.0,0.0,50,176.626,319.0
483,8750.0,15850.0,5.0,4.0,50,176.751,320.0
689,15257.0,3200.0,16.0,3.0,50,178.583,321.0
893,16900.0,0.0,20.0,0.0,50,179.02,322.0
264,9100.0,15700.0,9.0,3.0,50,179.506,323.0
431,16970.0,0.0,25.0,0.0,50,179.72500000000002,324.0
33,500.0,33000.0,1.0,5.0,50,180.0,325.0
50,12700.0,9000.0,10.0,5.0,50,182.005,326.0
501,17420.0,0.0,20.0,0.0,50,184.22000000000003,327.0
873,15000.0,4860.0,17.0,2.0,50,184.315,328.0
679,12000.0,11000.0,4.0,1.0,50,185.003,329.0
428,15100.0,5400.0,16.0,2.0,50,188.014,330.0
620,15000.0,6000.0,3.0,1.0,50,190.002,331.0
635,18246.0,0.0,14.0,0.0,50,192.47400000000002,332.0
662,12000.0,12948.0,6.0,3.0,50,194.743,333.0
184,10000.0,17022.0,1.0,2.0,50,195.11,334.0
908,18600.0,0.0,12.0,0.0,50,196.012,335.0
55,17600.0,2179.0,13.0,2.0,50,196.906,336.0
384,17000.0,3500.0,3.0,1.0,50,197.502,337.0
337,11500.0,14604.0,8.0,3.0,50,198.02499999999998,338.0
631,18847.0,0.0,4.0,0.0,50,198.474,339.0
723,12600.0,12750.0,10.0,3.0,50,199.757,340.0
862,19000.0,0.0,7.0,0.0,50,200.007,341.0
322,14500.0,9150.0,7.0,1.0,50,200.756,342.0
549,12500.0,13213.0,2.0,1.0,50,201.066,343.0
429,19390.0,0.0,31.0,0.0,50,203.931,344.0
288,19150.0,1000.0,5.0,1.0,50,206.504,345.0
307,10000.0,19315.0,2.0,1.0,50,206.576,346.0
691,6890.0,25870.0,7.0,10.0,50,208.25,347.0
719,19830.0,0.0,19.0,0.0,50,208.31900000000002,348.0
841,14300.0,11200.0,20.0,4.0,50,209.016,349.0
20,10000.0,20000.0,1.0,2.0,50,210.0,350.0
855,5000.0,30000.0,1.0,6.0,50,210.0,351.0
877,20000.0,0.0,2.0,0.0,50,210.002,352.0
451,20000.0,0.0,4.0,0.0,50,210.004,353.0
489,20000.0,0.0,4.0,0.0,50,210.004,354.0
220,20000.0,0.0,6.0,0.0,50,210.006,355.0
746,20000.0,0.0,6.0,0.0,50,210.006,356.0
555,15000.0,11000.0,3.0,1.0,50,215.002,357.0
262,18940.0,3500.0,27.0,5.0,50,216.922,358.0
792,14495.0,12511.0,7.0,2.0,50,217.51000000000002,359.0
420,16300.0,9058.0,29.0,5.0,50,218.314,360.0
533,20900.0,0.0,5.0,0.0,50,219.005,361.0
885,4205.0,33570.0,15.0,5.0,50,219.91,362.0
891,21000.0,0.0,5.0,0.0,50,220.005,363.0
404,21000.0,0.0,6.0,0.0,50,220.006,364.0
670,16500.0,9000.0,8.0,2.0,50,220.006,365.0
521,10000.0,22500.0,1.0,3.0,50,222.5,366.0
550,10000.0,22500.0,1.0,3.0,50,222.5,367.0
454,16300.0,10000.0,6.0,1.0,50,223.005,368.0
368,21480.0,0.0,12.0,0.0,50,224.812,369.0
732,21700.0,0.0,13.0,0.0,50,227.013,370.0
627,12000.0,19671.0,3.0,3.0,50,228.35500000000002,371.0
811,21839.0,0.0,17.0,0.0,50,228.407,372.0
234,13605.0,16945.0,15.0,5.0,50,230.78500000000003,373.0
233,0.0,44400.0,0.0,3.0,50,232.0,374.0
215,22200.0,0.0,6.0,0.0,50,232.006,375.0
742,6435.0,32000.0,4.0,1.0,50,234.35299999999998,376.0
419,0.0,45000.0,0.0,2.0,50,235.0,377.0
933,11018.0,23500.0,20.0,2.0,50,237.698,378.0
86,23000.0,0.0,3.0,0.0,50,240.003,379.0
645,23000.0,0.0,5.0,0.0,50,240.005,380.0
256,23200.0,0.0,5.0,0.0,50,242.005,381.0
876,23200.0,0.0,12.0,0.0,50,242.012,382.0
570,13739.0,19000.0,12.0,1.0,50,242.401,383.0
198,19400.0,8000.0,20.0,1.0,50,244.019,384.0
275,24048.0,0.0,25.0,0.0,50,250.50500000000002,385.0
758,20400.0,8000.0,22.0,2.0,50,254.02,386.0
900,15155.0,18500.0,36.0,3.0,50,254.083,387.0
898,12000.0,25063.0,6.0,5.0,50,255.316,388.0
213,18000.0,13700.0,2.0,2.0,50,258.5,389.0
73,25000.0,0.0,1.0,0.0,50,260.001,390.0
268,25000.0,0.0,3.0,0.0,50,260.003,391.0
896,25000.0,0.0,3.0,0.0,50,260.003,392.0
664,5055.0,40700.0,2.0,7.0,50,264.05,393.0
440,10140.0,30600.0,6.0,9.0,50,264.4,394.0
916,22000.0,6954.0,11.0,3.0,50,264.778,395.0
479,25500.0,0.0,5.0,0.0,50,265.005,396.0
367,25500.0,0.0,34.0,0.0,50,265.034,397.0
964,25600.0,0.0,6.0,0.0,50,266.006,398.0
676,21100.0,9000.0,16.0,1.0,50,266.015,399.0
54,26000.0,0.0,4.0,0.0,50,270.004,400.0
171,26000.0,0.0,6.0,0.0,50,270.006,401.0
685,26000.0,0.0,8.0,0.0,50,270.008,402.0
536,1740.0,48740.0,19.0,14.0,50,271.105,403.0
313,19000.0,16000.0,7.0,4.0,50,280.003,404.0
824,12500.0,29100.0,5.0,5.0,50,280.5,405.0
534,27250.0,0.0,10.0,0.0,50,282.51,406.0
286,28000.0,0.0,5.0,0.0,50,290.005,407.0
199,28000.0,0.0,6.0,0.0,50,290.006,408.0
944,18600.0,18962.0,50.0,20.0,50,290.84,409.0
562,23200.0,10000.0,10.0,1.0,50,292.009,410.0
132,23000.0,11083.0,10.0,1.0,50,295.42400000000004,411.0
351,13040.0,31046.0,36.0,7.0,50,295.659,412.0
394,28695.0,0.0,17.0,0.0,50,296.967,413.0
783,28752.0,0.0,41.0,0.0,50,297.561,414.0
44,28540.0,500.0,93.0,1.0,50,297.992,415.0
934,9501.0,38600.0,5.0,34.0,50,298.01,416.0
274,23397.0,11000.0,28.0,1.0,50,298.997,417.0
952,29000.0,0.0,9.0,0.0,50,300.009,418.0
724,29000.0,0.0,33.0,0.0,50,300.033,419.0
287,27000.0,4900.0,6.0,1.0,50,304.505,420.0
379,29448.0,0.0,75.0,0.0,50,304.555,421.0
801,22500.0,14500.0,6.0,2.0,50,307.504,422.0
117,30000.0,0.0,3.0,0.0,50,310.003,423.0
376,30000.0,0.0,3.0,0.0,50,310.003,424.0
867,30000.0,0.0,3.0,0.0,50,310.003,425.0
64,11000.0,38200.0,2.0,10.0,50,311.0,426.0
72,25400.0,9791.0,27.0,3.0,50,312.979,427.0
430,15500.0,30000.0,8.0,3.0,50,315.005,428.0
650,12500.0,36714.0,2.0,1.0,50,318.57099999999997,429.0
564,21000.0,19843.0,2.0,3.0,50,319.21500000000003,430.0
753,15000.0,32000.0,2.0,2.0,50,320.0,431.0
775,26000.0,10000.0,3.0,2.0,50,320.001,432.0
113,31000.0,0.0,4.0,0.0,50,320.004,433.0
399,31000.0,0.0,10.0,0.0,50,320.01,434.0
573,31000.0,0.0,20.0,0.0,50,320.02,435.0
161,28390.0,5500.0,13.0,1.0,50,321.41200000000003,436.0
554,18875.0,24852.0,8.0,4.0,50,323.014,437.0
466,31850.0,0.0,14.0,0.0,50,328.514,438.0
953,32000.0,0.0,4.0,0.0,50,330.004,439.0
25,23500.0,17000.0,8.0,2.0,50,330.006,440.0
529,32000.0,0.0,6.0,0.0,50,330.006,441.0
665,32000.0,0.0,6.0,0.0,50,330.006,442.0
348,27000.0,10000.0,8.0,1.0,50,330.007,443.0
329,32000.0,0.0,13.0,0.0,50,330.013,444.0
580,20000.0,24017.0,2.0,4.0,50,330.08500000000004,445.0
361,32300.0,0.0,5.0,0.0,50,333.005,446.0
403,20000.0,25000.0,6.0,2.0,50,335.004,447.0
939,32500.0,0.0,17.0,0.0,50,335.017,448.0
819,20000.0,26000.0,2.0,4.0,50,340.0,449.0
71,33150.0,1600.0,31.0,2.0,50,349.529,450.0
484,34310.0,0.0,17.0,0.0,50,353.117,451.0
995,34500.0,0.0,5.0,0.0,50,355.005,452.0
42,34500.0,0.0,6.0,0.0,50,355.006,453.0
734,34700.0,0.0,9.0,0.0,50,357.009,454.0
951,35000.0,0.0,3.0,0.0,50,360.003,455.0
705,35000.0,0.0,5.0,0.0,50,360.005,456.0
598,22000.0,26700.0,8.0,3.0,50,363.505,457.0
525,35664.0,0.0,47.0,0.0,50,366.687,458.0
907,13777.0,44658.0,65.0,23.0,50,371.102,459.0
971,15000.0,42299.0,3.0,6.0,50,371.495,460.0
721,27300.0,18000.0,4.0,2.0,50,373.002,461.0
875,36411.0,0.0,34.0,0.0,50,374.144,462.0
401,25000.0,23000.0,1.0,2.0,50,375.0,463.0
984,36700.0,0.0,7.0,0.0,50,377.007,464.0
666,28500.0,19500.0,4.0,6.0,50,392.5,465.0
326,38500.0,0.0,9.0,0.0,50,395.009,466.0
649,35000.0,7340.0,7.0,6.0,50,396.70099999999996,467.0
144,25000.0,28000.0,1.0,1.0,50,400.0,468.0
381,38000.0,2000.0,11.0,1.0,50,400.01,469.0
103,39000.0,0.0,36.0,0.0,50,400.036,470.0
397,37800.0,2500.0,16.0,2.0,50,400.514,471.0
809,32000.0,14500.0,5.0,2.0,50,402.503,472.0
607,39390.0,0.0,25.0,0.0,50,403.925,473.0
864,39700.0,0.0,13.0,0.0,50,407.013,474.0
418,20000.0,40000.0,2.0,2.0,50,410.0,475.0
768,40000.0,0.0,1.0,0.0,50,410.001,476.0
3,40000.0,0.0,4.0,0.0,50,410.004,477.0
160,40000.0,0.0,6.0,0.0,50,410.006,478.0
979,35000.0,10000.0,7.0,1.0,50,410.006,479.0
19,27500.0,25500.0,7.0,2.0,50,412.505,480.0
167,23700.0,33897.0,32.0,13.0,50,416.504,481.0
932,37710.0,7231.0,66.0,1.0,50,423.32,482.0
513,41467.0,0.0,33.0,0.0,50,424.70300000000003,483.0
355,20000.0,43060.0,2.0,3.0,50,425.3,484.0
10,41812.0,0.0,21.0,0.0,50,428.141,485.0
805,22200.0,39468.0,5.0,4.0,50,429.341,486.0
308,37000.0,10000.0,4.0,1.0,50,430.003,487.0
325,42000.0,0.0,7.0,0.0,50,430.007,488.0
759,40050.0,4000.0,30.0,1.0,50,430.529,489.0
860,42565.0,0.0,26.0,0.0,50,435.67600000000004,490.0
122,37400.0,11000.0,29.0,2.0,50,439.027,491.0
889,32500.0,20900.0,16.0,4.0,50,439.512,492.0
762,22658.0,40682.0,9.0,4.0,50,439.995,493.0
263,22055.0,42206.0,15.0,3.0,50,441.59200000000004,494.0
131,43500.0,0.0,19.0,0.0,50,445.019,495.0
250,0.0,87500.0,0.0,1.0,50,447.5,496.0
797,25000.0,37500.0,5.0,8.0,50,447.5,497.0
133,19124.0,49300.0,38.0,8.0,50,447.77,498.0
251,33810.0,20000.0,27.0,2.0,50,448.125,499.0
750,44050.0,0.0,23.0,0.0,50,450.523,500.0
509,0.0,88214.0,0.0,14.0,50,451.07,501.0
648,17441.0,53399.0,15.0,7.0,50,451.41299999999995,502.0
24,44300.0,0.0,21.0,0.0,50,453.021,503.0
647,44737.0,0.0,24.0,0.0,50,457.394,504.0
641,44950.0,0.0,32.0,0.0,50,459.532,505.0
300,0.0,90000.0,0.0,2.0,50,460.0,506.0
347,45002.0,0.0,8.0,0.0,50,460.02799999999996,507.0
849,38310.0,13799.0,5.0,2.0,50,462.098,508.0
273,23000.0,44559.0,5.0,7.0,50,462.795,509.0
378,40450.0,10000.0,30.0,3.0,50,464.527,510.0
784,32000.0,27000.0,19.0,10.0,50,465.009,511.0
492,45500.0,0.0,19.0,0.0,50,465.019,512.0
567,27750.0,36543.0,22.0,5.0,50,470.232,513.0
822,34000.0,24463.0,6.0,3.0,50,472.318,514.0
837,42443.0,8000.0,141.0,1.0,50,474.57,515.0
206,46600.0,0.0,11.0,0.0,50,476.011,516.0
318,37500.0,18500.0,9.0,10.0,50,477.5,517.0
902,20000.0,53500.0,7.0,7.0,50,477.5,518.0
532,22261.0,49998.0,27.0,8.0,50,482.619,519.0
571,29620.0,36263.0,15.0,5.0,50,487.525,520.0
516,39800.0,16000.0,16.0,3.0,50,488.013,521.0
51,39000.0,17900.0,7.0,1.0,50,489.506,522.0
402,31900.0,32280.0,7.0,2.0,50,490.405,523.0
530,28600.0,39500.0,18.0,3.0,50,493.515,524.0
825,41550.0,14250.0,18.0,6.0,50,496.762,525.0
115,45000.0,9939.0,9.0,1.0,50,509.703,526.0
546,50000.0,0.0,2.0,0.0,50,510.002,527.0
320,50000.0,0.0,5.0,0.0,50,510.005,528.0
700,50700.0,0.0,9.0,0.0,50,517.009,529.0
298,37000.0,29160.0,3.0,2.0,50,525.8009999999999,530.0
335,27000.0,50000.0,6.0,3.0,50,530.003,531.0
330,43000.0,19127.0,22.0,5.0,50,535.652,532.0
303,52800.0,0.0,8.0,0.0,50,538.008,533.0
965,46000.0,14000.0,4.0,1.0,50,540.003,534.0
108,46000.0,15000.0,10.0,1.0,50,545.009,535.0
283,44400.0,19400.0,39.0,3.0,50,551.036,536.0
334,54470.0,0.0,16.0,0.0,50,554.716,537.0
383,38600.0,32269.0,22.0,4.0,50,557.363,538.0
600,54750.0,0.0,24.0,0.0,50,557.524,539.0
904,55000.0,0.0,2.0,0.0,50,560.002,540.0
84,55250.0,0.0,4.0,0.0,50,562.504,541.0
806,55700.0,0.0,16.0,0.0,50,567.016,542.0
713,35000.0,44000.0,3.0,4.0,50,580.0,543.0
657,46000.0,22824.0,3.0,6.0,50,584.12,544.0
695,57624.0,0.0,73.0,0.0,50,586.313,545.0
139,42793.0,30000.0,111.0,3.0,50,588.038,546.0
659,38000.0,41800.0,6.0,6.0,50,599.0,547.0
343,59000.0,0.0,8.0,0.0,50,600.008,548.0
452,59000.0,0.0,28.0,0.0,50,600.028,549.0
961,60000.0,0.0,7.0,0.0,50,610.007,550.0
632,60400.0,0.0,54.0,0.0,50,614.054,551.0
280,60834.0,0.0,94.0,0.0,50,618.4340000000001,552.0
520,61000.0,0.0,5.0,0.0,50,620.005,553.0
458,61000.0,0.0,69.0,0.0,50,620.069,554.0
733,61000.0,125.0,10.0,1.0,50,620.634,555.0
693,30000.0,62527.0,5.0,2.0,50,622.638,556.0
831,61456.0,0.0,106.0,0.0,50,624.666,557.0
848,53450.0,16120.0,17.0,1.0,50,625.116,558.0
21,62000.0,0.0,4.0,0.0,50,630.004,559.0
843,10000.0,104500.0,1.0,9.0,50,632.5,560.0
553,26500.0,71500.0,28.0,9.0,50,632.519,561.0
32,59400.0,5791.0,13.0,2.0,50,632.966,562.0
958,62830.0,0.0,14.0,0.0,50,638.3140000000001,563.0
185,44000.0,37751.0,21.0,18.0,50,638.758,564.0
442,40000.0,46308.0,2.0,2.0,50,641.54,565.0
574,36150.0,54200.0,17.0,4.0,50,642.513,566.0
485,60000.0,10000.0,5.0,1.0,50,660.004,567.0
929,61000.0,9636.0,15.0,1.0,50,668.194,568.0
709,56900.0,18179.0,6.0,1.0,50,669.9,569.0
297,66500.0,0.0,19.0,0.0,50,675.019,570.0
74,60000.0,13169.0,25.0,3.0,50,675.8670000000001,571.0
861,2000.0,130000.0,1.0,2.0,50,680.0,572.0
749,52000.0,30000.0,29.0,2.0,50,680.027,573.0
751,55635.0,25303.0,11.0,4.0,50,692.872,574.0
844,68500.0,0.0,127.0,0.0,50,695.127,575.0
63,63264.0,12000.0,5.0,1.0,50,702.644,576.0
730,69350.0,0.0,9.0,0.0,50,703.509,577.0
624,70000.0,0.0,2.0,0.0,50,710.002,578.0
727,70000.0,0.0,4.0,0.0,50,710.004,579.0
605,70050.0,0.0,49.0,0.0,50,710.549,580.0
445,61400.0,17754.0,30.0,3.0,50,712.797,581.0
851,55800.0,29900.0,45.0,2.0,50,717.543,582.0
427,72000.0,0.0,6.0,0.0,50,730.006,583.0
461,55657.0,32800.0,31.0,5.0,50,730.596,584.0
309,26250.0,91700.0,11.0,16.0,50,731.0,585.0
270,56800.0,30679.0,15.0,2.0,50,731.408,586.0
613,69105.0,6735.0,78.0,1.0,50,734.802,587.0
253,44800.0,56069.0,6.0,1.0,50,738.35,588.0
973,60500.0,25000.0,41.0,1.0,50,740.04,589.0
389,48000.0,51981.0,12.0,2.0,50,749.915,590.0
223,75000.0,0.0,1.0,0.0,50,760.001,591.0
203,75000.0,0.0,3.0,0.0,50,760.003,592.0
810,75000.0,0.0,3.0,0.0,50,760.003,593.0
201,51002.0,48184.0,6.0,6.0,50,760.94,594.0
77,68200.0,15000.0,16.0,1.0,50,767.015,595.0
646,55000.0,41984.0,4.0,2.0,50,769.922,596.0
441,23000.0,106000.0,4.0,7.0,50,770.0,597.0
991,76100.0,0.0,13.0,0.0,50,771.013,598.0
683,76200.0,0.0,7.0,0.0,50,772.007,599.0
518,24750.0,102978.0,48.0,44.0,50,772.394,600.0
794,77900.0,0.0,11.0,0.0,50,789.011,601.0
588,70400.0,15000.0,21.0,1.0,50,789.02,602.0
980,33986.0,87900.0,65.0,36.0,50,789.389,603.0
437,55000.0,47147.0,2.0,1.0,50,795.736,604.0
258,66200.0,25200.0,31.0,5.0,50,798.026,605.0
338,68839.0,20000.0,57.0,2.0,50,798.4449999999999,606.0
101,60000.0,40000.0,3.0,1.0,50,810.002,607.0
537,60000.0,40000.0,5.0,1.0,50,810.004,608.0
292,16355.0,127735.0,11.0,17.0,50,812.2250000000001,609.0
694,74585.0,11981.0,30.0,1.0,50,815.784,610.0
597,68000.0,25221.0,34.0,7.0,50,816.1320000000001,611.0
682,22000.0,121000.0,11.0,1.0,50,835.01,612.0
535,83124.0,0.0,24.0,0.0,50,841.264,613.0
305,51463.0,65000.0,39.0,2.0,50,849.667,614.0
504,0.0,168000.0,0.0,1.0,50,850.0,615.0
878,70000.0,29421.0,13.0,4.0,50,857.114,616.0
106,68922.0,32427.0,68.0,7.0,50,861.416,617.0
747,85500.0,0.0,11.0,0.0,50,865.011,618.0
371,81050.0,9900.0,17.0,1.0,50,870.016,619.0
796,33800.0,104500.0,24.0,13.0,50,870.511,620.0
763,52350.0,68779.0,44.0,15.0,50,877.424,621.0
974,88000.0,0.0,19.0,0.0,50,890.019,622.0
821,87500.0,3000.0,17.0,1.0,50,900.016,623.0
436,89200.0,0.0,35.0,0.0,50,902.035,624.0
107,44000.0,91900.0,19.0,13.0,50,909.506,625.0
295,90000.0,0.0,6.0,0.0,50,910.006,626.0
89,90000.0,0.0,9.0,0.0,50,910.009,627.0
5,74100.0,32700.0,67.0,9.0,50,914.558,628.0
58,91154.0,0.0,68.0,0.0,50,921.608,629.0
356,91236.0,0.0,48.0,0.0,50,922.408,630.0
652,91800.0,0.0,11.0,0.0,50,928.011,631.0
744,90313.0,4179.0,129.0,1.0,50,934.153,632.0
495,93000.0,0.0,4.0,0.0,50,940.004,633.0
246,57228.0,72500.0,57.0,10.0,50,944.827,634.0
523,57000.0,73649.0,11.0,4.0,50,948.252,635.0
31,54849.0,78283.0,33.0,31.0,50,949.9069999999999,636.0
923,94000.0,0.0,14.0,0.0,50,950.014,637.0
272,0.0,189202.0,0.0,8.0,50,956.01,638.0
81,95000.0,0.0,10.0,0.0,50,960.01,639.0
776,91567.0,9000.0,82.0,1.0,50,970.7510000000001,640.0
204,76360.0,39616.0,42.0,6.0,50,971.716,641.0
996,96400.0,0.0,31.0,0.0,50,974.031,642.0
433,21700.0,150000.0,4.0,3.0,50,977.001,643.0
510,96750.0,0.0,20.0,0.0,50,977.52,644.0
52,92060.0,9520.0,22.0,1.0,50,978.221,645.0
853,96995.0,0.0,16.0,0.0,50,979.966,646.0
11,46300.0,101500.0,21.0,24.0,50,980.5,647.0
147,98000.0,0.0,10.0,0.0,50,990.01,648.0
247,100000.0,0.0,20.0,0.0,50,1010.02,649.0
802,80595.0,39000.0,17.0,1.0,50,1010.966,650.0
777,92450.0,16000.0,58.0,1.0,50,1014.557,651.0
158,75580.0,50000.0,39.0,6.0,50,1015.8330000000001,652.0
450,82885.0,36000.0,92.0,1.0,50,1018.941,653.0
583,82485.0,37715.0,11.0,4.0,50,1023.432,654.0
982,102238.0,0.0,71.0,0.0,50,1032.451,655.0
460,0.0,205000.0,0.0,2.0,50,1035.0,656.0
972,68041.0,69501.0,135.0,29.0,50,1038.021,657.0
59,70000.0,67888.0,12.0,7.0,50,1049.4450000000002,658.0
639,54000.0,100000.0,16.0,1.0,50,1050.015,659.0
586,90500.0,27000.0,38.0,3.0,50,1050.035,660.0
963,104210.0,0.0,32.0,0.0,50,1052.1319999999998,661.0
477,83400.0,41900.0,12.0,4.0,50,1053.508,662.0
237,70000.0,70000.0,3.0,1.0,50,1060.002,663.0
235,105000.0,0.0,37.0,0.0,50,1060.037,664.0
53,107000.0,0.0,19.0,0.0,50,1080.019,665.0
514,103500.0,7000.0,61.0,1.0,50,1080.06,666.0
104,77000.0,64000.0,9.0,3.0,50,1100.006,667.0
731,82540.0,54000.0,43.0,5.0,50,1105.438,668.0
12,99403.0,20286.0,52.0,8.0,50,1105.5040000000001,669.0
888,49481.0,120678.0,24.0,36.0,50,1108.2,670.0
304,109000.0,4000.0,14.0,1.0,50,1120.013,671.0
194,58200.0,106000.0,16.0,7.0,50,1122.009,672.0
748,74500.0,75000.0,13.0,3.0,50,1130.01,673.0
310,63250.0,97528.0,11.0,3.0,50,1130.148,674.0
614,110585.0,3000.0,87.0,1.0,50,1130.9360000000001,675.0
519,112152.0,0.0,57.0,0.0,50,1131.577,676.0
175,34000.0,160000.0,6.0,2.0,50,1150.004,677.0
183,100450.0,28192.0,16.0,3.0,50,1155.473,678.0
931,92572.0,43950.0,51.0,3.0,50,1155.518,679.0
424,115392.0,0.0,57.0,0.0,50,1163.977,680.0
644,116651.0,0.0,120.0,0.0,50,1176.6299999999999,681.0
722,116700.0,0.0,14.0,0.0,50,1177.014,682.0
409,108500.0,17709.0,23.0,2.0,50,1183.566,683.0
924,100500.0,34184.0,22.0,2.0,50,1185.94,684.0
830,117900.0,0.0,11.0,0.0,50,1189.011,685.0
412,84300.0,68500.0,21.0,29.0,50,1195.5,686.0
45,53150.0,134000.0,32.0,9.0,50,1211.523,687.0
710,85000.0,72500.0,3.0,2.0,50,1222.501,688.0
229,121363.0,1565.0,12.0,1.0,50,1231.4660000000001,689.0
760,46650.0,151214.0,12.0,10.0,50,1232.5720000000001,690.0
654,96166.0,52260.0,67.0,12.0,50,1233.015,691.0
145,102388.0,44000.0,26.0,2.0,50,1253.904,692.0
560,117430.0,15594.0,61.0,2.0,50,1262.329,693.0
977,125620.0,0.0,19.0,0.0,50,1266.219,694.0
218,113750.0,25000.0,55.0,1.0,50,1272.554,695.0
745,65100.0,124000.0,44.0,2.0,50,1281.042,696.0
354,108824.0,40000.0,15.0,1.0,50,1298.254,697.0
937,117000.0,25000.0,16.0,1.0,50,1305.015,698.0
833,129864.0,0.0,6.0,0.0,50,1308.6460000000002,699.0
577,120703.0,19895.0,11.0,1.0,50,1316.5149999999999,700.0
930,75000.0,111500.0,3.0,4.0,50,1317.5,701.0
803,131000.0,0.0,21.0,0.0,50,1320.021,702.0
699,96000.0,72110.0,27.0,10.0,50,1330.567,703.0
140,110000.0,45000.0,11.0,4.0,50,1335.007,704.0
690,129050.0,9500.0,39.0,1.0,50,1348.038,705.0
60,74000.0,126500.0,25.0,15.0,50,1382.51,706.0
987,69900.0,135650.0,30.0,23.0,50,1387.257,707.0
739,87000.0,101500.0,8.0,3.0,50,1387.505,708.0
717,117400.0,42000.0,52.0,2.0,50,1394.05,709.0
677,123181.0,36000.0,35.0,4.0,50,1421.841,710.0
90,141700.0,0.0,51.0,0.0,50,1427.051,711.0
658,142065.0,0.0,40.0,0.0,50,1430.69,712.0
456,111000.0,65000.0,4.0,1.0,50,1445.003,713.0
866,139500.0,9842.0,7.0,1.0,50,1454.2160000000001,714.0
370,103000.0,82953.0,12.0,5.0,50,1454.772,715.0
190,62600.0,165996.0,27.0,26.0,50,1465.981,716.0
46,146000.0,0.0,8.0,0.0,50,1470.008,717.0
266,146100.0,0.0,27.0,0.0,50,1471.027,718.0
497,70918.0,153684.0,45.0,12.0,50,1487.633,719.0
357,113896.0,70086.0,15.0,6.0,50,1499.3990000000001,720.0
342,121335.0,55300.0,71.0,7.0,50,1499.9140000000002,721.0
408,128781.0,44000.0,39.0,2.0,50,1517.847,722.0
380,108147.0,86000.0,94.0,16.0,50,1521.548,723.0
242,105543.0,92324.0,26.0,3.0,50,1527.073,724.0
487,100000.0,105000.0,11.0,4.0,50,1535.007,725.0
476,135450.0,35000.0,16.0,1.0,50,1539.515,726.0
834,155645.0,0.0,24.0,0.0,50,1566.474,727.0
517,105600.0,100544.0,12.0,10.0,50,1568.722,728.0
947,123600.0,65000.0,19.0,4.0,50,1571.015,729.0
178,120000.0,77683.0,7.0,2.0,50,1598.42,730.0
353,142000.0,35000.0,12.0,6.0,50,1605.006,731.0
863,142100.0,35000.0,80.0,1.0,50,1606.079,732.0
317,160395.0,0.0,15.0,0.0,50,1613.9650000000001,733.0
269,160400.0,0.0,18.0,0.0,50,1614.018,734.0
840,152500.0,18500.0,22.0,1.0,50,1627.521,735.0
164,47000.0,229953.0,14.0,49.0,50,1629.765,736.0
468,125000.0,74500.0,2.0,7.0,50,1632.5,737.0
804,154475.0,16706.0,23.0,5.0,50,1638.298,738.0
149,162946.0,0.0,41.0,0.0,50,1639.501,739.0
633,98200.0,143098.0,51.0,12.0,50,1707.529,740.0
828,140500.0,59495.0,31.0,7.0,50,1712.4989999999998,741.0
493,124000.0,92600.0,8.0,2.0,50,1713.006,742.0
779,146787.0,47649.0,79.0,1.0,50,1716.1930000000002,743.0
400,120100.0,106000.0,23.0,2.0,50,1741.021,744.0
668,91037.0,165000.0,25.0,4.0,50,1745.3909999999998,745.0
541,159378.0,30700.0,17.0,8.0,50,1757.289,746.0
377,90000.0,170498.0,7.0,16.0,50,1762.49,747.0
114,83660.0,188500.0,17.0,15.0,50,1789.1019999999999,748.0
827,65000.0,227000.0,2.0,4.0,50,1795.0,749.0
187,130500.0,99416.0,30.0,24.0,50,1812.086,750.0
422,65250.0,230800.0,12.0,16.0,50,1816.5,751.0
296,91300.0,181246.0,62.0,19.0,50,1829.273,752.0
845,8000.0,358310.0,2.0,14.0,50,1881.55,753.0
23,22779.0,331000.0,26.0,6.0,50,1892.81,754.0
735,190500.0,0.0,15.0,0.0,50,1915.015,755.0
628,165953.0,49290.0,42.0,7.0,50,1916.015,756.0
548,191020.0,10250.0,143.0,14.0,50,1971.579,757.0
473,139990.0,120330.0,53.0,9.0,50,2011.5940000000003,758.0
539,147678.0,107000.0,55.0,1.0,50,2021.834,759.0
159,139000.0,124637.0,19.0,12.0,50,2023.192,760.0
604,195400.0,14000.0,80.0,3.0,50,2034.077,761.0
414,210000.0,0.0,8.0,0.0,50,2110.008,762.0
181,210000.0,0.0,10.0,0.0,50,2110.01,763.0
39,134500.0,151320.0,44.0,8.0,50,2111.636,764.0
798,211500.0,0.0,45.0,0.0,50,2125.045,765.0
214,112950.0,200000.0,19.0,1.0,50,2139.518,766.0
967,140000.0,148240.0,6.0,13.0,50,2151.2,767.0
411,70500.0,290000.0,3.0,1.0,50,2165.002,768.0
112,146500.0,140775.0,11.0,8.0,50,2178.878,769.0
137,103000.0,228000.0,13.0,16.0,50,2180.0,770.0
340,217000.0,0.0,34.0,0.0,50,2180.034,771.0
47,89200.0,257720.0,44.0,76.0,50,2190.6000000000004,772.0
788,129000.0,182313.0,16.0,7.0,50,2211.574,773.0
85,206269.0,30250.0,94.0,3.0,50,2224.031,774.0
542,107000.0,230705.0,5.0,7.0,50,2233.525,775.0
913,180000.0,84840.0,29.0,3.0,50,2234.2259999999997,776.0
940,138000.0,170000.0,3.0,2.0,50,2240.001,777.0
27,133700.0,179581.0,24.0,2.0,50,2244.9269999999997,778.0
826,201000.0,46627.0,20.0,4.0,50,2253.1510000000003,779.0
608,225000.0,0.0,35.0,0.0,50,2260.035,780.0
936,151000.0,153112.0,29.0,16.0,50,2285.573,781.0
341,226500.0,5500.0,47.0,1.0,50,2302.546,782.0
426,229500.0,0.0,57.0,0.0,50,2305.057,783.0
636,231000.0,0.0,10.0,0.0,50,2320.01,784.0
673,231281.0,300.0,42.0,1.0,50,2324.351,785.0
373,157000.0,151100.0,20.0,10.0,50,2335.51,786.0
179,174000.0,122000.0,9.0,6.0,50,2360.003,787.0
142,0.0,471900.0,0.0,13.0,50,2369.5,788.0
795,113150.0,252447.0,105.0,50.0,50,2403.79,789.0
852,18000.0,442930.0,3.0,86.0,50,2404.65,790.0
581,190000.0,101174.0,7.0,3.0,50,2415.874,791.0
102,237250.0,8000.0,9.0,2.0,50,2422.507,792.0
126,242000.0,0.0,9.0,0.0,50,2430.009,793.0
557,240000.0,10000.0,60.0,1.0,50,2460.059,794.0
911,247505.0,0.0,39.0,0.0,50,2485.0890000000004,795.0
100,249800.0,0.0,24.0,0.0,50,2508.024,796.0
707,129967.0,242000.0,11.0,3.0,50,2519.678,797.0
449,198730.0,106153.0,13.0,4.0,50,2528.074,798.0
257,224000.0,65000.0,24.0,2.0,50,2575.022,799.0
945,211994.0,92286.0,29.0,4.0,50,2591.395,800.0
764,262000.0,0.0,7.0,0.0,50,2630.007,801.0
790,203200.0,118100.0,61.0,22.0,50,2632.539,802.0
966,262400.0,0.0,9.0,0.0,50,2634.009,803.0
488,236790.0,51900.0,47.0,2.0,50,2637.445,804.0
390,194315.0,137000.0,71.0,10.0,50,2638.2110000000002,805.0
985,186500.0,155000.0,71.0,19.0,50,2650.052,806.0
271,267000.0,0.0,15.0,0.0,50,2680.015,807.0
474,128089.0,281000.0,15.0,21.0,50,2695.8900000000003,808.0
559,150000.0,238990.0,4.0,12.0,50,2704.95,809.0
637,174480.0,190200.0,109.0,19.0,50,2705.8900000000003,810.0
774,110000.0,331000.0,2.0,6.0,50,2765.0,811.0
829,87500.0,376500.0,27.0,25.0,50,2767.502,812.0
496,272200.0,9999.0,36.0,2.0,50,2782.029,813.0
9,193684.0,171456.0,109.0,9.0,50,2804.22,814.0
754,207500.0,158059.0,24.0,22.0,50,2875.297,815.0
299,216000.0,150000.0,57.0,7.0,50,2920.05,816.0
446,242000.0,98308.0,22.0,4.0,50,2921.558,817.0
602,181000.0,232754.0,10.0,9.0,50,2983.771,818.0
921,0.0,600000.0,0.0,2.0,50,3010.0,819.0
869,279200.0,45000.0,27.0,1.0,50,3027.026,820.0
240,291000.0,22100.0,23.0,3.0,50,3030.52,821.0
884,55000.0,502191.0,2.0,14.0,50,3070.955,822.0
439,227114.0,161957.0,21.0,4.0,50,3090.9419999999996,823.0
279,309000.0,0.0,20.0,0.0,50,3100.02,824.0
157,92600.0,433857.0,40.0,22.0,50,3105.303,825.0
618,280721.0,58500.0,143.0,5.0,50,3109.848,826.0
448,109842.0,407599.0,27.0,27.0,50,3146.415,827.0
502,184600.0,266236.0,111.0,33.0,50,3187.2580000000003,828.0
565,159510.0,317936.0,70.0,34.0,50,3194.8160000000003,829.0
285,267652.0,105000.0,41.0,2.0,50,3211.559,830.0
471,85000.0,476616.0,3.0,19.0,50,3243.08,831.0
336,237400.0,175358.0,21.0,5.0,50,3260.806,832.0
526,325461.0,0.0,50.0,0.0,50,3264.6600000000003,833.0
772,321250.0,9800.0,12.0,1.0,50,3271.511,834.0
141,298250.0,59877.0,37.0,2.0,50,3291.92,835.0
386,330000.0,0.0,5.0,0.0,50,3310.005,836.0
653,190000.0,287167.0,13.0,12.0,50,3345.8360000000002,837.0
289,234600.0,213000.0,93.0,17.0,50,3421.076,838.0
196,170000.0,353000.0,6.0,11.0,50,3475.0,839.0
708,347070.0,0.0,54.0,0.0,50,3480.7540000000004,840.0
880,130000.0,441000.0,4.0,7.0,50,3515.0,841.0
785,0.0,704000.0,0.0,4.0,50,3530.0,842.0
836,106000.0,493000.0,20.0,36.0,50,3535.0,843.0
651,355000.0,0.0,23.0,0.0,50,3560.023,844.0
372,320909.0,85500.0,37.0,6.0,50,3646.621,845.0
407,259200.0,218600.0,43.0,28.0,50,3695.015,846.0
80,318501.0,100000.0,83.0,1.0,50,3695.092,847.0
922,200000.0,353000.0,4.0,16.0,50,3775.0,848.0
168,330700.0,96400.0,76.0,11.0,50,3799.065,849.0
455,387500.0,0.0,43.0,0.0,50,3885.043,850.0
962,320609.0,136916.0,20.0,11.0,50,3900.679,851.0
897,263700.0,260000.0,10.0,1.0,50,3947.009,852.0
505,394000.0,5123.0,60.0,2.0,50,3975.673,853.0
901,369300.0,83000.0,60.0,1.0,50,4118.059,854.0
70,411560.0,0.0,70.0,0.0,50,4125.67,855.0
927,337148.0,180774.0,73.0,22.0,50,4285.401000000001,856.0
941,192500.0,479303.0,14.0,14.0,50,4331.514999999999,857.0
130,270400.0,325200.0,20.0,4.0,50,4340.016,858.0
146,351000.0,175500.0,24.0,5.0,50,4397.519,859.0
625,204900.0,468522.0,23.0,28.0,50,4401.610000000001,860.0
540,255000.0,383569.0,4.0,6.0,50,4477.845,861.0
467,424300.0,68000.0,28.0,2.0,50,4593.026,862.0
854,433000.0,77971.0,27.0,11.0,50,4729.870999999999,863.0
667,464067.0,47308.0,56.0,10.0,50,4887.256,864.0
890,440000.0,112096.0,7.0,4.0,50,4970.482999999999,865.0
153,475663.0,42972.0,58.0,6.0,50,4981.5419999999995,866.0
856,405000.0,193500.0,30.0,11.0,50,5027.519,867.0
173,503900.0,0.0,54.0,0.0,50,5049.054,868.0
82,98770.0,819460.0,10.0,40.0,50,5095.0,869.0
946,296990.0,424000.0,43.0,15.0,50,5099.928,870.0
959,484700.0,50400.0,64.0,1.0,50,5109.063,871.0
97,467094.0,107000.0,229.0,14.0,50,5216.155000000001,872.0
871,523550.0,0.0,121.0,0.0,50,5245.621,873.0
688,0.0,1049278.0,0.0,16.0,50,5256.39,874.0
850,374400.0,335440.0,95.0,25.0,50,5431.2699999999995,875.0
508,355554.0,377000.0,35.0,17.0,50,5450.558,876.0
464,221000.0,648613.0,10.0,8.0,50,5463.067000000001,877.0
366,558053.0,0.0,99.0,0.0,50,5590.629,878.0
16,360201.0,418387.0,54.0,39.0,50,5703.96,879.0
663,425000.0,290200.0,52.0,35.0,50,5711.017,880.0
202,400400.0,348129.0,29.0,9.0,50,5754.665000000001,881.0
687,581027.0,0.0,43.0,0.0,50,5820.313,882.0
599,496800.0,175688.0,110.0,13.0,50,5856.537,883.0
193,430527.0,312000.0,136.0,7.0,50,5875.399,884.0
417,575000.0,56100.0,15.0,8.0,50,6040.507,885.0
612,554800.0,109081.0,53.0,8.0,50,6103.45,886.0
547,493200.0,245863.0,41.0,14.0,50,6171.342000000001,887.0
976,625000.0,0.0,15.0,0.0,50,6260.015,888.0
949,409100.0,434171.0,64.0,7.0,50,6271.911999999999,889.0
245,209450.0,912200.0,25.0,10.0,50,6665.515,890.0
619,697000.0,0.0,13.0,0.0,50,6980.013,891.0
438,400000.0,594851.0,2.0,1.0,50,6984.256,892.0
675,662500.0,70000.0,50.0,1.0,50,6985.049,893.0
950,732000.0,35500.0,99.0,4.0,50,7507.595,894.0
681,689000.0,132000.0,65.0,1.0,50,7560.064,895.0
294,607700.0,311187.0,41.0,3.0,50,7642.972999999999,896.0
515,580000.0,400000.0,14.0,6.0,50,7810.008,897.0
601,692144.0,240000.0,23.0,1.0,50,8131.462,898.0
344,311900.0,1024000.0,18.0,10.0,50,8249.008,899.0
259,824020.0,0.0,115.0,0.0,50,8250.315,900.0
306,826000.0,0.0,57.0,0.0,50,8270.057,901.0
182,795000.0,80339.0,16.0,4.0,50,8361.707,902.0
200,539998.0,593000.0,8.0,5.0,50,8374.983,903.0
93,616000.0,511474.0,76.0,24.0,50,8727.421999999999,904.0
78,159000.0,1484900.0,32.0,47.0,50,9024.5,905.0
909,679745.0,454060.0,125.0,5.0,50,9077.87,906.0
989,240000.0,1339000.0,12.0,20.0,50,9105.0,907.0
678,379000.0,1100000.0,22.0,1.0,50,9300.021,908.0
915,780028.0,307609.0,84.0,7.0,50,9348.402,909.0
978,794358.0,288114.0,69.0,14.0,50,9394.205,910.0
208,644934.0,657928.0,35.0,9.0,50,9749.006,911.0
538,1025000.0,8558.0,27.0,1.0,50,10302.816,912.0
28,1061500.0,0.0,49.0,0.0,50,10625.049,913.0
992,804978.0,616278.0,18.0,11.0,50,11141.177,914.0
238,923400.0,445000.0,45.0,7.0,50,11469.038,915.0
2,567000.0,1270215.0,20.0,20.0,50,12031.075,916.0
786,661500.0,1096160.0,27.0,11.0,50,12105.815999999999,917.0
365,311000.0,1802335.0,10.0,33.0,50,12131.675000000001,918.0
569,1227780.0,0.0,23.0,0.0,50,12287.823,919.0
415,350000.0,1759843.0,6.0,6.0,50,12309.215,920.0
920,367700.0,1734480.0,41.0,52.0,50,12359.4,921.0
162,68320.0,2360000.0,7.0,23.0,50,12493.2,922.0
352,1083034.0,429518.0,128.0,8.0,50,12988.050000000001,923.0
222,1285000.0,99358.0,16.0,3.0,50,13356.803000000002,924.0
587,671700.0,1355000.0,89.0,8.0,50,13502.081,925.0
30,1329000.0,152145.0,51.0,1.0,50,14060.775,926.0
369,650000.0,1586208.0,13.0,9.0,50,14441.044000000002,927.0
421,878600.0,1269809.0,99.0,84.0,50,15145.06,928.0
714,1676300.0,0.0,34.0,0.0,50,16773.034,929.0
566,1819175.0,185071.0,53.0,3.0,50,19127.155,930.0
740,1738490.0,365288.0,91.0,7.0,50,19221.424,931.0
212,1924981.0,589850.0,26.0,4.0,50,22209.082000000002,932.0
672,2158700.0,233750.0,35.0,5.0,50,22765.78,933.0
99,1164800.0,2403141.0,47.0,15.0,50,23673.737,934.0
634,515000.0,15737705.0,8.0,67.0,50,83848.52500000001,935.0
